tsne_1,tsne_2,cluster_gmm,pivote3,pivote5,pivote10,pivote15,estado_oculto
4.82663426737417e-06,1.36561029648874e-05,0,0.6667,0.8000,0.7000,0.6667,0
1.9772291125264e-05,1.57833565026522e-05,0,1.0000,0.8000,0.8000,0.6667,0
1.2436549695849e-05,1.45871299537248e-05,0,1.0000,0.8000,0.7000,0.6000,0
4.81206188851502e-06,6.90406523062848e-06,0,0.6667,0.6000,0.7000,0.6000,0
8.90465071279323e-06,5.76601723878412e-06,0,0.6667,0.6000,0.7000,0.6000,0
-3.71715515257165e-07,1.05200588222942e-05,0,0.3333,0.6000,0.6000,0.5333,0
2.05651599571866e-06,1.44534187711542e-05,0,0.6667,0.8000,0.6000,0.5333,0
7.94808875070885e-06,1.66811605595285e-05,0,0.6667,0.6000,0.5000,0.4667,0
1.65983965416672e-05,1.72488271346083e-05,0,1.0000,0.8000,0.6000,0.4667,0
1.20826180136646e-05,9.28423924051458e-06,0,0.6667,0.8000,0.6000,0.4667,0
1.74460819835076e-05,6.48072682452039e-06,0,0.6667,0.6000,0.5000,0.4667,0
2.08472483791411e-05,1.34213623823598e-05,0,0.6667,0.4000,0.4000,0.4000,0
1.07450332507142e-05,2.42604764935095e-05,0,0.6667,0.4000,0.4000,0.4000,0
3.44997861247975e-05,1.92888892343035e-05,0,0.3333,0.4000,0.3000,0.3333,0
4.64272670797072e-05,5.06779579154681e-05,0,0.0000,0.4000,0.3000,0.2667,0
1.83164811460301e-05,6.58055614621844e-06,0,0.3333,0.4000,0.4000,0.2667,0
2.42117985180812e-05,4.5033107198833e-06,0,0.6667,0.4000,0.4000,0.2667,0
1.05159660961363e-05,4.73846341719764e-07,0,0.6667,0.4000,0.4000,0.2667,0
4.60276023659389e-05,1.66605204867665e-05,0,0.3333,0.2000,0.3000,0.2000,0
1.7177660993184e-05,-5.17125863552792e-06,0,0.0000,0.2000,0.2000,0.1333,0
4.14237583754584e-05,1.75592731466168e-07,0,0.0000,0.4000,0.2000,0.1333,0
4.33150034950813e-06,-6.19687489233911e-06,0,0.3333,0.4000,0.2000,0.1333,0
3.32029449054971e-05,-1.6228959793807e-05,0,0.6667,0.4000,0.2000,0.1333,0
2.65556809608825e-05,-1.93679516087286e-05,0,0.6667,0.4000,0.2000,0.1333,0
4.96060347359162e-05,1.02244503068505e-05,0,0.3333,0.2000,0.1000,0.0667,0
7.74756044847891e-05,6.38377387076616e-05,0,0.0000,0.0000,0.0000,0.0000,0
-3.86501815228257e-05,7.82138013164513e-05,0,0.0000,0.0000,0.0000,0.0000,0
-5.06863489135867e-06,-9.43285613175249e-06,0,0.0000,0.0000,0.0000,0.0000,0
-6.1203577388369e-06,1.68525057233637e-05,0,0.0000,0.0000,0.0000,0.0000,0
-3.37461569870356e-05,4.00405133405002e-06,0,0.0000,0.0000,0.0000,0.0000,0
2.86312751995865e-05,-1.51704134623287e-05,0,0.0000,0.0000,0.0000,0.0000,0
-8.34969432617072e-06,2.22661692532711e-05,0,0.0000,0.0000,0.0000,0.0000,0
-1.03101501736091e-05,9.85539463727036e-06,0,0.0000,0.0000,0.0000,0.0000,0
2.33380728786869e-06,8.60242835187819e-06,0,0.0000,0.0000,0.0000,0.0000,0
1.49358702401514e-05,9.69234042713651e-06,0,0.0000,0.0000,0.0000,0.0000,0
-7.70659244153649e-06,1.75381628650939e-05,0,0.0000,0.0000,0.0000,0.0000,0
1.38131863423041e-05,-4.49220642622095e-05,0,0.0000,0.0000,0.0000,0.0000,0
-5.54683756490704e-05,1.19235173769994e-05,0,0.0000,0.0000,0.0000,0.0000,0
-4.76012028229889e-05,-1.41948330565356e-05,0,0.0000,0.0000,0.0000,0.0000,0
-4.98628505738452e-05,3.45179250871297e-06,0,0.0000,0.0000,0.0000,0.0000,0
-1.25114593174658e-05,-3.94274102291092e-05,0,0.0000,0.0000,0.0000,0.0000,0
2.11533933907049e-05,2.12847389775561e-05,0,0.0000,0.0000,0.0000,0.0000,0
-2.18020227293891e-06,1.00033557828283e-05,0,0.0000,0.0000,0.0000,0.0000,0
3.79324264940806e-05,6.42023678665282e-06,0,0.0000,0.0000,0.0000,0.0000,0
-6.21067665633745e-05,-1.04855678273452e-06,0,0.0000,0.0000,0.0000,0.0000,0
5.7570134231355e-05,1.04839073173935e-05,0,0.0000,0.0000,0.0000,0.0000,0
-6.93564879838959e-06,-2.3112270355341e-06,0,0.0000,0.0000,0.0000,0.0000,0
4.37078415416181e-05,-2.69755469162192e-06,0,0.0000,0.0000,0.0000,0.0000,0
1.57234649122984e-06,1.19408205137006e-05,0,0.0000,0.0000,0.0000,0.0000,0
1.43065681186272e-05,-2.73793939413736e-05,0,0.0000,0.0000,0.0000,0.0000,0
4.69781923584378e-07,-2.34731924138032e-05,0,0.0000,0.0000,0.0000,0.0000,0
2.60292636085069e-05,-3.41078739438672e-05,0,0.0000,0.0000,0.0000,0.0000,0
1.43547695188317e-05,-3.22371779475361e-05,0,0.0000,0.0000,0.0000,0.0000,0
2.84796146843291e-06,-2.54537644650554e-05,0,0.0000,0.0000,0.0000,0.0000,0
1.10408955151797e-05,1.49477173181367e-05,0,0.0000,0.0000,0.0000,0.0000,0
3.5214008676121e-05,2.89154613710707e-05,0,0.0000,0.0000,0.0000,0.0000,0
-3.89616343454691e-06,7.20065281711868e-06,0,0.0000,0.0000,0.0000,0.0000,0
-1.21182347356807e-05,-1.0826825928234e-05,0,0.0000,0.0000,0.0000,0.0667,0
9.57045085669961e-06,-2.51635829044972e-05,0,0.0000,0.0000,0.0000,0.1333,0
-3.55601368937641e-05,1.80531860678457e-05,0,0.0000,0.0000,0.0000,0.2000,0
2.87285965896444e-05,2.35118350246921e-05,0,0.0000,0.0000,0.0000,0.2667,0
5.24428060089122e-06,-1.73938406078378e-05,0,0.0000,0.0000,0.0000,0.3333,0
7.56081544750487e-06,-1.96321816474665e-05,0,0.0000,0.0000,0.1000,0.4000,0
7.52628920963616e-06,-1.28693573060445e-05,0,0.0000,0.0000,0.2000,0.4667,0
1.28608635350247e-05,-1.35958578084683e-06,0,0.0000,0.0000,0.3000,0.4667,0
2.29628512897762e-05,-3.50461159541737e-05,0,0.0000,0.0000,0.4000,0.4667,0
1.9474871805869e-05,-1.4810374523222e-05,0,0.0000,0.0000,0.5000,0.5333,0
2.13361727219308e-05,-3.17789490509313e-05,0,0.0000,0.2000,0.6000,0.5333,0
-6.66679034111439e-06,-4.37309499830008e-05,0,0.0000,0.4000,0.7000,0.5333,0
1.93530449905666e-05,-1.52658649312798e-05,0,0.3333,0.6000,0.7000,0.5333,0
-3.43038578876076e-07,-3.92581132473424e-05,0,0.6667,0.8000,0.7000,0.5333,0
1.69124650710728e-05,-2.16115549847018e-05,0,1.0000,1.0000,0.8000,0.5333,0
8.96328037924832e-06,-2.03025538212387e-05,0,1.0000,1.0000,0.7000,0.4667,0
1.77474103111308e-05,7.42348720450536e-06,0,1.0000,1.0000,0.6000,0.4667,0
3.95566421502735e-05,-3.34968831339211e-06,0,1.0000,0.8000,0.5000,0.4667,0
2.02097398869228e-05,-4.46750236733351e-05,0,1.0000,0.6000,0.4000,0.4667,0
1.39451603899943e-05,3.28633245771925e-06,0,0.6667,0.6000,0.3000,0.4667,0
2.28544195124414e-05,-1.80066072061891e-05,0,0.3333,0.4000,0.2000,0.4000,0
2.26038309847354e-06,-2.38280676967406e-06,0,0.3333,0.2000,0.2000,0.4000,0
-2.93498196697328e-05,-1.53714790940285e-05,0,0.3333,0.2000,0.3000,0.4667,0
9.41279085964197e-06,-9.66703737503849e-06,0,0.3333,0.2000,0.4000,0.4667,0
1.07642817965825e-05,-9.48830802371958e-06,0,0.0000,0.0000,0.4000,0.4667,0
2.08032433874905e-05,-1.99077931029024e-05,0,0.0000,0.0000,0.4000,0.4667,0
2.53413036261918e-05,2.1588581148535e-05,0,0.0000,0.2000,0.5000,0.5333,0
-4.97171604365576e-05,-3.52089082298335e-05,0,0.0000,0.4000,0.6000,0.5333,0
1.62697615451179e-05,-2.37528388424835e-06,0,0.3333,0.6000,0.6000,0.5333,0
3.73526404473523e-06,-1.92071256606141e-05,0,0.6667,0.8000,0.7000,0.5333,0
3.31852279487066e-05,1.03017300716601e-05,0,1.0000,0.8000,0.7000,0.6000,0
-3.06741276290268e-05,-4.37964699813165e-05,0,1.0000,0.8000,0.7000,0.5333,0
2.26801284952671e-06,-2.55601971730357e-05,0,0.6667,0.8000,0.6000,0.4667,0
1.68718561326386e-05,-2.59747212112416e-05,0,0.6667,0.6000,0.5000,0.4667,0
9.08099082153058e-06,-2.48588985414244e-05,0,0.6667,0.6000,0.4000,0.4000,0
8.99127098819008e-06,-1.69477498275228e-05,0,0.6667,0.6000,0.5000,0.4000,0
1.90341543202521e-05,-1.15528073365567e-05,0,0.6667,0.6000,0.4000,0.4000,0
1.41676837301929e-05,-1.47323053170112e-05,0,0.3333,0.4000,0.3000,0.3333,0
3.47557470377069e-05,-1.54921272041975e-05,0,0.6667,0.4000,0.4000,0.3333,0
3.86687752325088e-05,-2.80629137705546e-06,0,0.3333,0.2000,0.3000,0.2667,0
3.07816626445856e-05,-2.22528651647735e-05,0,0.3333,0.4000,0.3000,0.2667,0
2.73271962214494e-05,-2.50377206612029e-06,0,0.0000,0.2000,0.3000,0.2000,0
2.65212074737065e-05,-2.18464429053711e-05,0,0.3333,0.2000,0.3000,0.2000,0
2.57361125477473e-06,-2.72343022515997e-05,0,0.3333,0.4000,0.3000,0.2000,0
3.60066042048857e-05,-3.3146654459415e-05,0,0.3333,0.4000,0.3000,0.2000,0
-1.19487112897332e-05,-5.92162268731045e-06,0,0.3333,0.2000,0.2000,0.1333,0
-8.92152547748992e-06,-3.00080428132787e-05,0,0.3333,0.4000,0.2000,0.1333,0
-1.81592113221996e-05,-4.87048637296539e-05,0,0.3333,0.4000,0.2000,0.1333,0
1.1360432949914e-07,-8.7989583335002e-06,0,0.3333,0.2000,0.1000,0.0667,0
-1.57670929183951e-05,-4.40757139585912e-05,0,0.3333,0.2000,0.1000,0.1333,0
-1.14500107883941e-05,-3.40609985869378e-05,0,0.3333,0.2000,0.1000,0.2000,0
6.56661541142967e-06,-4.12514564231969e-05,0,0.0000,0.0000,0.0000,0.2000,0
-2.79117321042577e-05,-3.49999354511965e-05,0,0.0000,0.0000,0.0000,0.2000,0
-1.22131541502313e-05,-4.52175700047519e-05,0,0.0000,0.0000,0.0000,0.2667,0
1.69964732776862e-05,-7.03792875356157e-06,0,0.0000,0.0000,0.1000,0.3333,0
-2.67713153334626e-06,-4.40265976067167e-05,0,0.0000,0.0000,0.2000,0.3333,0
-1.23378204079927e-05,-3.4314209187869e-05,0,0.0000,0.0000,0.3000,0.3333,0
-9.19733429327607e-06,-4.78367328469176e-05,0,0.0000,0.0000,0.3000,0.3333,0
-1.16138380690245e-05,-4.40561634604819e-05,0,0.0000,0.0000,0.4000,0.3333,0
3.59484056389192e-06,-2.88822684524348e-05,0,0.0000,0.2000,0.5000,0.4000,0
-1.02288777270587e-05,-2.1832865968463e-05,0,0.0000,0.4000,0.5000,0.4000,0
2.22090984607348e-05,4.03909798478708e-05,0,0.3333,0.6000,0.5000,0.4000,0
1.20948861876968e-05,1.15716247819364e-05,0,0.6667,0.6000,0.5000,0.4000,0
-1.69782367720472e-06,-1.23944810184184e-05,0,1.0000,0.8000,0.5000,0.4000,0
-9.31392332859104e-06,6.84034966980107e-06,0,0.6667,0.8000,0.5000,0.3333,0
2.18446039070841e-05,1.24300722745829e-05,0,0.6667,0.6000,0.4000,0.2667,0
5.40496387202438e-07,-7.716191248619e-06,0,0.6667,0.4000,0.3000,0.2000,0
9.95700065686833e-06,-2.77681629086146e-05,0,0.6667,0.4000,0.3000,0.2000,0
6.53522602078738e-06,-1.56056667037774e-05,0,0.3333,0.2000,0.2000,0.2000,0
2.40842546190834e-05,1.35362379296566e-05,0,0.0000,0.2000,0.1000,0.2000,0
2.18952372961212e-05,1.38682253236766e-05,0,0.0000,0.2000,0.1000,0.2667,0
1.56200658238959e-05,5.21267338626785e-06,0,0.3333,0.2000,0.1000,0.2667,0
3.22999148920644e-05,1.26985451061046e-05,0,0.3333,0.2000,0.1000,0.2667,0
1.73132702911971e-05,-4.97331438964466e-06,0,0.3333,0.2000,0.2000,0.2667,0
1.52479822190799e-06,-1.84190503205173e-05,0,0.0000,0.0000,0.2000,0.2000,0
8.79745493875816e-06,-1.30534908748814e-05,0,0.0000,0.0000,0.3000,0.2000,0
7.29197017790284e-06,-6.04537444814923e-06,0,0.0000,0.0000,0.3000,0.2000,0
2.86350459646201e-05,1.6238916941802e-05,0,0.0000,0.0000,0.3000,0.2000,0
1.1112482752651e-05,-1.65921155712567e-05,0,0.0000,0.2000,0.3000,0.2000,0
2.28577982852585e-06,-1.76408793777227e-05,0,0.0000,0.4000,0.3000,0.2000,0
2.67559062194778e-05,3.70102361557656e-06,0,0.3333,0.6000,0.3000,0.2000,0
-5.7647525864013e-06,-2.71714470727602e-05,0,0.6667,0.6000,0.3000,0.2000,0
-2.14707361010369e-05,8.64069170347648e-06,0,1.0000,0.6000,0.3000,0.2000,0
-3.62163373210933e-05,2.36098130699247e-05,0,0.6667,0.4000,0.2000,0.1333,0
-1.93932082765969e-05,2.89024210360367e-05,0,0.3333,0.2000,0.1000,0.0667,0
-4.58916292700451e-05,2.32181282626698e-05,0,0.0000,0.0000,0.0000,0.0000,0
-5.07795666635502e-05,2.24973082367796e-05,0,0.0000,0.0000,0.0000,0.0000,0
-1.2453209819796e-05,3.14018143399153e-05,0,0.0000,0.0000,0.0000,0.0000,0
-2.59991556958994e-05,3.36495722876862e-05,0,0.0000,0.0000,0.0000,0.0000,0
-2.31208050536225e-05,2.19733774429187e-05,0,0.0000,0.0000,0.0000,0.0000,0
3.6471159546636e-05,2.03474337467924e-05,0,0.0000,0.0000,0.0000,0.0000,0
-2.48705237027025e-06,3.11972253257409e-05,0,0.0000,0.0000,0.0000,0.0000,0
5.03847113577649e-05,-1.37227725645062e-05,0,0.0000,0.0000,0.0000,0.0000,0
4.57281566923484e-05,-8.82867789187003e-06,0,0.0000,0.0000,0.0000,0.0000,0
2.28821863856865e-05,3.80786768801045e-05,0,0.0000,0.0000,0.0000,0.0000,0
3.75050331058446e-05,-6.7848086473532e-06,0,0.0000,0.0000,0.0000,0.0000,0
4.39282594015822e-05,2.12704690056853e-05,0,0.0000,0.0000,0.0000,0.0000,0
4.92345934617333e-05,-1.59383307618555e-06,0,0.0000,0.0000,0.0000,0.0667,0
4.60400733572897e-05,2.62370776908938e-05,0,0.0000,0.0000,0.0000,0.1333,0
6.6349035478197e-05,-8.35829177958658e-06,0,0.0000,0.0000,0.0000,0.2000,0
2.0328892787802e-05,2.95870108857343e-06,0,0.0000,0.0000,0.0000,0.2667,0
6.61740559735335e-05,1.52000629896065e-05,0,0.0000,0.0000,0.0000,0.3333,0
2.75767288258066e-05,-1.03800803117338e-05,0,0.0000,0.0000,0.1000,0.3333,0
3.82987709599547e-05,4.20926699007396e-06,0,0.0000,0.0000,0.2000,0.3333,0
-3.03361571241112e-06,-4.82863197248662e-06,0,0.0000,0.0000,0.3000,0.3333,0
2.79617943306221e-05,1.36120997922262e-05,0,0.0000,0.0000,0.4000,0.3333,0
1.92202114703832e-05,-1.96675300685456e-05,0,0.0000,0.0000,0.5000,0.3333,0
2.99265193461906e-05,-2.2718890249962e-05,0,0.0000,0.2000,0.5000,0.4000,0
1.84348700713599e-05,-5.25337145518279e-06,0,0.0000,0.4000,0.5000,0.4667,0
3.69351510016713e-05,3.59010482497979e-06,0,0.3333,0.6000,0.5000,0.5333,0
4.40144394815434e-05,-6.75982937536901e-06,0,0.6667,0.8000,0.5000,0.6000,0
1.98163934328477e-06,1.47916643982171e-05,0,1.0000,1.0000,0.5000,0.6000,0
-1.20083286674344e-05,8.6894378910074e-06,0,1.0000,0.8000,0.5000,0.5333,0
3.42785460816231e-06,-3.92537331208587e-05,0,1.0000,0.6000,0.5000,0.4667,0
3.68321270798333e-05,-4.89486183141707e-06,0,0.6667,0.4000,0.5000,0.4667,0
-1.43309489430976e-05,-1.23309173432062e-05,0,0.3333,0.2000,0.5000,0.4000,0
-2.57095762208337e-05,5.61655106139369e-05,0,0.0000,0.0000,0.4000,0.3333,0
-4.39577888755593e-05,4.55907684226986e-05,0,0.0000,0.2000,0.4000,0.4000,0
5.47253375771106e-06,4.23977471655235e-05,0,0.0000,0.4000,0.4000,0.4667,0
-2.81151515082456e-05,4.41408992628567e-05,0,0.3333,0.6000,0.5000,0.5333,0
-3.95774295611773e-05,4.34193389082793e-05,0,0.6667,0.8000,0.5000,0.5333,0
2.46603049163241e-05,-6.23615369477193e-06,0,1.0000,0.8000,0.5000,0.5333,0
3.14336175506469e-05,-1.1681374417094e-05,0,1.0000,0.6000,0.5000,0.4667,0
-1.1939233445446e-05,2.37323401961476e-05,0,0.6667,0.4000,0.5000,0.4000,0
2.25680742005352e-05,-9.25288713915506e-06,0,0.3333,0.4000,0.5000,0.3333,0
2.04423540708376e-05,5.66467349472077e-07,0,0.0000,0.2000,0.4000,0.2667,0
1.41317395900842e-05,4.60759692941792e-05,0,0.3333,0.2000,0.4000,0.2667,0
4.92758335894905e-05,7.26298167137429e-05,0,0.3333,0.4000,0.4000,0.2667,0
8.24951985123334e-06,5.80550949962344e-05,0,0.3333,0.6000,0.4000,0.2667,0
6.26845940132625e-05,6.39619747744291e-06,0,0.3333,0.6000,0.3000,0.2000,0
3.76974276150577e-05,3.12995580316056e-05,0,0.6667,0.6000,0.3000,0.2000,0
4.03867925342638e-05,1.09819502540631e-05,0,1.0000,0.6000,0.3000,0.2000,0
7.74203363107517e-05,-1.12697516669868e-05,0,0.6667,0.4000,0.2000,0.1333,0
4.42864366050344e-05,1.77266210812377e-05,0,0.3333,0.2000,0.1000,0.0667,0
8.76048652571626e-05,1.46972215588903e-05,0,0.0000,0.0000,0.0000,0.0000,0
4.94528612762224e-05,2.60527358477702e-05,0,0.0000,0.0000,0.0000,0.0000,0
1.65520468726754e-05,6.1312661273405e-05,0,0.0000,0.0000,0.0000,0.0000,0
4.93732841277961e-05,2.42365294980118e-05,0,0.0000,0.0000,0.0000,0.0000,0
9.56670737650711e-06,3.83256156055722e-05,0,0.0000,0.0000,0.0000,0.0000,0
6.27299014013261e-05,1.49997049447848e-05,0,0.0000,0.0000,0.0000,0.0000,0
1.47840546560474e-05,4.85446180391591e-05,0,0.0000,0.0000,0.0000,0.0000,0
3.53302566509228e-05,5.54222242499236e-05,0,0.0000,0.0000,0.0000,0.0000,0
2.05739579541842e-05,4.29721039836295e-05,0,0.0000,0.0000,0.0000,0.0000,0
1.04142854979727e-05,3.29212234646548e-05,0,0.0000,0.0000,0.0000,0.0000,0
5.49754149687942e-05,2.64356767729623e-05,0,0.0000,0.0000,0.0000,0.0000,0
3.55231786670629e-05,2.29593342737644e-06,0,0.0000,0.0000,0.0000,0.0000,0
4.40048497694079e-05,5.23152702953666e-05,0,0.0000,0.0000,0.0000,0.0000,0
2.26452648348641e-05,3.43214924214408e-05,0,0.0000,0.0000,0.0000,0.0000,0
2.28533408517251e-05,3.32843046635389e-05,0,0.0000,0.0000,0.0000,0.0000,0
-3.60546218871605e-05,7.41035501050646e-06,0,0.0000,0.0000,0.0000,0.0000,0
6.41320875729434e-05,-2.35632487601833e-05,0,0.0000,0.0000,0.0000,0.0000,0
5.24777278769761e-05,-3.5948287404608e-05,0,0.0000,0.0000,0.0000,0.0000,0
4.97737801197218e-06,2.92048480332596e-05,0,0.0000,0.0000,0.0000,0.0000,0
4.64162876596674e-05,-1.65726250997977e-05,0,0.0000,0.0000,0.0000,0.0000,0
4.84987067466136e-05,-2.78729112324072e-05,0,0.0000,0.0000,0.0000,0.0000,0
6.36257173027843e-05,-1.96070413949201e-05,0,0.0000,0.0000,0.0000,0.0000,0
4.71567727799993e-05,-2.45134688157123e-05,0,0.0000,0.0000,0.0000,0.0000,0
4.36482005170546e-05,-2.82294622593326e-05,0,0.0000,0.0000,0.0000,0.0000,0
4.96419415867422e-05,-1.70706643984886e-05,0,0.0000,0.0000,0.0000,0.0000,0
5.0448979891371e-05,-3.15684374072589e-05,0,0.0000,0.0000,0.0000,0.0000,0
4.10096572522889e-06,4.5377168135019e-05,0,0.0000,0.0000,0.0000,0.0000,0
1.11643967102282e-05,3.31329902110156e-05,0,0.0000,0.0000,0.0000,0.0000,0
1.80742256361555e-06,1.609485661902e-05,0,0.0000,0.0000,0.0000,0.0667,0
3.33278421749128e-06,3.45025437127333e-05,0,0.0000,0.0000,0.0000,0.0667,0
6.00980911258375e-06,3.52310453308746e-05,0,0.0000,0.0000,0.0000,0.0667,0
-2.91047103928577e-06,4.2995441617677e-05,0,0.0000,0.0000,0.0000,0.0667,0
4.75218030260294e-06,2.24919695028802e-05,0,0.0000,0.0000,0.0000,0.0667,0
-1.04738091977197e-06,2.20733491005376e-05,0,0.0000,0.0000,0.1000,0.0667,0
-2.60483579950233e-06,2.70983891823562e-05,0,0.0000,0.0000,0.1000,0.0667,0
-1.00228453447926e-05,4.80147900816519e-05,0,0.0000,0.0000,0.1000,0.0667,0
7.90310787124326e-06,2.63984256889671e-05,0,0.0000,0.0000,0.1000,0.0667,0
1.25907160963834e-06,3.95152637793217e-05,0,0.0000,0.0000,0.1000,0.0667,0
1.59394494403386e-05,2.78249299299205e-05,0,0.0000,0.2000,0.1000,0.0667,0
2.32021047850139e-05,3.47599598171655e-05,0,0.0000,0.2000,0.1000,0.0667,0
-1.73813277797308e-05,4.75705892313272e-05,0,0.3333,0.2000,0.1000,0.0667,0
-9.60852230491582e-06,2.42078713199589e-05,0,0.3333,0.2000,0.1000,0.0667,0
6.51627533443389e-06,7.91255479271058e-06,0,0.3333,0.2000,0.1000,0.0667,0
-1.20411677926313e-05,4.10060420108493e-05,0,0.0000,0.0000,0.0000,0.0000,0
-6.97177392794401e-06,4.95853455504403e-05,0,0.0000,0.0000,0.0000,0.0000,0
2.40981007664232e-05,-2.61918103205971e-05,0,0.0000,0.0000,0.0000,0.0000,0
3.17533158522565e-05,-4.4435295421863e-05,0,0.0000,0.0000,0.0000,0.0000,0
9.08198489923961e-06,-2.65677808783948e-05,0,0.0000,0.0000,0.0000,0.0000,0
2.11903970921412e-05,-4.35332185588777e-05,0,0.0000,0.0000,0.0000,0.0000,0
2.32833717745962e-05,-2.73952609859407e-05,0,0.0000,0.0000,0.0000,0.0000,0
2.76349328487413e-05,-5.09167148265988e-05,0,0.0000,0.0000,0.0000,0.0000,0
1.63446457008831e-05,1.08936978904239e-06,0,0.0000,0.0000,0.0000,0.0000,0
-3.32162858285301e-06,-3.51382586813997e-05,0,0.0000,0.0000,0.0000,0.0667,0
-2.6873425440499e-07,-2.31125395657727e-05,0,0.0000,0.0000,0.0000,0.1333,0
1.37545575853437e-05,-3.68339824490249e-05,0,0.0000,0.0000,0.0000,0.2000,0
-3.8327318179654e-05,9.67148207564605e-06,0,0.0000,0.0000,0.0000,0.2667,0
1.35740001496742e-05,-5.73496836295817e-05,0,0.0000,0.0000,0.0000,0.3333,0
3.76766438421328e-05,-1.11719473352423e-05,0,0.0000,0.0000,0.1000,0.4000,0
-5.65214713788009e-06,1.81278901436599e-05,0,0.0000,0.0000,0.2000,0.4667,0
3.06738002109341e-06,7.21403830539202e-06,0,0.0000,0.0000,0.3000,0.5333,0
4.06564795412123e-05,5.7209404076275e-06,0,0.0000,0.0000,0.4000,0.5333,0
1.67328544193879e-05,-6.79949835102889e-06,0,0.0000,0.0000,0.5000,0.5333,0
4.20881042373367e-05,1.4347952856042e-05,0,0.0000,0.2000,0.6000,0.5333,0
2.04980588023318e-05,9.61972818913637e-06,0,0.0000,0.4000,0.7000,0.5333,0
1.98449670278933e-05,3.21351617458276e-05,0,0.3333,0.6000,0.8000,0.6000,0
4.01299985242076e-06,2.03352683456615e-05,0,0.6667,0.8000,0.8000,0.6667,0
2.41339093918214e-05,3.8985803257674e-05,0,1.0000,1.0000,0.8000,0.6667,0
-9.90343869489152e-06,1.26311924759648e-05,0,1.0000,1.0000,0.7000,0.6000,0
7.85461907071294e-06,3.76162315660622e-05,0,1.0000,1.0000,0.6000,0.5333,0
3.14487369905692e-05,-4.13361749451724e-06,0,1.0000,1.0000,0.6000,0.4667,0
1.08226604424999e-05,1.99320256797364e-05,0,1.0000,0.8000,0.6000,0.4667,0
3.31470728269778e-05,0.000115131348138675,0,1.0000,0.6000,0.5000,0.4000,0
5.30471061210847e-06,6.36175827821717e-05,0,0.6667,0.4000,0.4000,0.3333,0
-5.16547734150663e-05,6.79630829836242e-05,0,0.3333,0.2000,0.3000,0.2667,0
8.43987072585151e-06,9.00745726539753e-06,0,0.0000,0.2000,0.2000,0.2000,0
1.11604640551377e-05,1.42955741466722e-05,0,0.0000,0.4000,0.3000,0.2000,0
7.44327871871064e-06,1.34476249513682e-05,0,0.3333,0.4000,0.3000,0.2000,0
-4.54453311249381e-06,6.30584736427409e-06,0,0.6667,0.4000,0.3000,0.2000,0
-1.82671556103742e-05,1.62844989972655e-05,0,0.6667,0.4000,0.3000,0.2000,0
1.64006178238196e-05,1.13625847006915e-05,0,0.3333,0.2000,0.2000,0.2000,0
7.35784851713106e-06,1.59113387780963e-05,0,0.0000,0.2000,0.1000,0.2000,0
4.28373277827632e-06,1.43324423333979e-05,0,0.0000,0.2000,0.1000,0.2667,0
-5.40200835530413e-06,-9.96077798021133e-09,0,0.3333,0.2000,0.1000,0.3333,0
-3.98849761040765e-06,1.61682182806544e-05,0,0.3333,0.2000,0.1000,0.4000,0
2.74139620159985e-06,6.70966210236656e-06,0,0.3333,0.2000,0.2000,0.4667,0
-2.54012957157101e-06,2.5521749194013e-06,0,0.0000,0.0000,0.2000,0.4000,0
-5.40185374120483e-06,1.82472867891192e-05,0,0.0000,0.0000,0.3000,0.4000,0
2.78204061032739e-05,3.83524729841156e-06,0,0.0000,0.0000,0.4000,0.4000,0
6.06456524110399e-06,8.69177802087506e-06,0,0.0000,0.0000,0.5000,0.4000,0
-5.81061613047495e-06,3.52709639628301e-06,0,0.0000,0.2000,0.6000,0.4000,0
5.86081296205521e-06,8.68130609887885e-06,0,0.0000,0.4000,0.6000,0.4000,0
-1.74745139247534e-06,-6.50421725367778e-06,0,0.3333,0.6000,0.6000,0.4667,0
-1.28009496620507e-05,6.945374479983e-06,0,0.6667,0.8000,0.6000,0.4667,0
8.57206856608173e-08,1.06044417407247e-05,0,1.0000,1.0000,0.6000,0.4667,0
7.87849421612918e-06,3.13133750751149e-06,0,1.0000,1.0000,0.5000,0.4000,0
1.87746281881118e-05,3.18505817631376e-06,0,1.0000,0.8000,0.4000,0.3333,0
2.35080442507751e-05,1.14386975837988e-05,0,1.0000,0.6000,0.4000,0.2667,0
3.18072779919021e-05,-1.1307097338431e-06,0,0.6667,0.4000,0.3000,0.2000,0
3.51561757270247e-05,7.79836409492418e-06,0,0.3333,0.2000,0.2000,0.1333,0
3.17171907227021e-05,-1.15126704258728e-05,0,0.0000,0.0000,0.1000,0.0667,0
-6.33745776212891e-06,-2.44787879637443e-05,0,0.0000,0.0000,0.1000,0.0667,0
-6.47822935206932e-06,-6.27380904916208e-06,0,0.0000,0.2000,0.1000,0.0667,0
4.53100392405759e-06,-1.41088085001684e-05,0,0.0000,0.2000,0.1000,0.0667,0
-6.52809831080958e-06,-2.63982983597089e-05,0,0.3333,0.2000,0.1000,0.0667,0
2.14977626455948e-05,-3.01005206893024e-06,0,0.3333,0.2000,0.1000,0.0667,0
-1.39065732582822e-05,1.99337700905744e-05,0,0.3333,0.2000,0.1000,0.0667,0
1.09583206722164e-05,-4.5593023969559e-06,0,0.0000,0.0000,0.0000,0.0000,0
2.53622761192673e-06,-3.19554164889269e-05,0,0.0000,0.0000,0.0000,0.0000,0
1.14111435323139e-05,-3.71909336536191e-05,0,0.0000,0.0000,0.0000,0.0000,0
-4.21839644104693e-07,-2.13786915992387e-05,0,0.0000,0.0000,0.0000,0.0000,0
-1.0661357009667e-05,-3.93040636481601e-06,0,0.0000,0.0000,0.0000,0.0000,0
-3.33446587319486e-06,-1.53010096255457e-05,0,0.0000,0.0000,0.0000,0.0000,0
2.87953156430376e-07,-3.40988553944044e-05,0,0.0000,0.0000,0.0000,0.0000,0
1.269005042559e-05,-2.44786060648039e-05,0,0.0000,0.0000,0.0000,0.0000,0
1.20222921395907e-05,-4.48350619990379e-05,0,0.0000,0.0000,0.0000,0.0000,0
6.41205497231567e-06,-4.13170673709828e-05,0,0.0000,0.0000,0.0000,0.0000,0
8.46442344482057e-06,-4.12289446103387e-05,0,0.0000,0.0000,0.0000,0.0000,0
4.61477384305908e-06,-2.96661892207339e-05,0,0.0000,0.0000,0.0000,0.0000,0
9.19778176466934e-06,-4.50585284852423e-05,0,0.0000,0.0000,0.0000,0.0000,0
-3.88642047255416e-06,-2.85867172351573e-05,0,0.0000,0.0000,0.0000,0.0000,0
1.60287981998408e-05,-3.29309768858366e-05,0,0.0000,0.0000,0.0000,0.0000,0
-9.3790476967115e-06,-3.88230982935056e-05,0,0.0000,0.0000,0.0000,0.0000,0
-2.25805943045998e-05,-7.12816813575046e-07,0,0.0000,0.0000,0.0000,0.0000,0
-1.66131248988677e-05,-6.3716970544192e-06,0,0.0000,0.0000,0.0000,0.0000,0
-1.86346314876573e-05,-2.95418340101605e-05,0,0.0000,0.0000,0.0000,0.0000,0
-1.91434664884582e-05,-2.50351649810909e-06,0,0.0000,0.0000,0.0000,0.0000,0
-1.58692346303724e-05,-1.78252466866979e-05,0,0.0000,0.0000,0.0000,0.0000,0
-2.3542143026134e-05,-3.74756746168714e-06,0,0.0000,0.0000,0.0000,0.0000,0
-1.27482062453055e-05,-2.58005293289898e-05,0,0.0000,0.0000,0.0000,0.0000,0
-6.77357320455485e-06,-2.45563751377631e-05,0,0.0000,0.0000,0.0000,0.0000,0
1.75595832843101e-05,1.46274915096001e-05,0,0.0000,0.0000,0.0000,0.0000,0
-1.01061295936233e-05,-1.391135265294e-05,0,0.0000,0.0000,0.0000,0.0000,0
-8.80754214449553e-06,-1.72233558259904e-05,0,0.0000,0.0000,0.0000,0.0000,0
-2.99387884297175e-05,-1.60579711518949e-05,0,0.0000,0.0000,0.0000,0.0000,0
-1.33832545543555e-05,-2.58536947512766e-05,0,0.0000,0.0000,0.0000,0.0000,0
-2.07045977731468e-05,-3.55801894329488e-05,0,0.0000,0.0000,0.0000,0.0667,0
-4.95256563226576e-06,-3.3481337595731e-05,0,0.0000,0.0000,0.0000,0.1333,0
2.9974276003486e-06,-2.93623743345961e-05,0,0.0000,0.0000,0.0000,0.1333,0
9.9837652669521e-06,-3.83766491722781e-05,0,0.0000,0.0000,0.0000,0.1333,0
-2.45581941271666e-06,-2.70021446340252e-05,0,0.0000,0.0000,0.0000,0.2000,0
-3.62810715159867e-05,-4.1282391975983e-06,0,0.0000,0.0000,0.1000,0.2667,0
-1.26186068882816e-05,-1.9730114217964e-05,0,0.0000,0.0000,0.2000,0.3333,0
8.59642659634119e-06,-3.68410110240802e-05,0,0.0000,0.0000,0.2000,0.4000,0
5.11326561536407e-06,-3.92260735679884e-05,0,0.0000,0.0000,0.2000,0.4667,0
8.92870502866572e-06,-2.83184290310601e-05,0,0.0000,0.0000,0.3000,0.5333,0
-4.02529349230463e-06,-3.02589651255403e-05,0,0.0000,0.2000,0.4000,0.6000,0
-1.72074269357836e-05,-1.55896887008566e-05,0,0.0000,0.4000,0.5000,0.6000,0
6.14749706073781e-06,-2.69711690634722e-05,0,0.3333,0.4000,0.6000,0.6000,0
3.09655733872205e-05,6.32204319117591e-06,0,0.6667,0.4000,0.7000,0.6000,0
2.54338265222032e-05,-2.75922648143023e-05,0,0.6667,0.6000,0.8000,0.6000,0
2.56855219049612e-06,2.74440481007332e-06,0,0.3333,0.6000,0.8000,0.5333,0
-2.68350686383201e-05,-8.45601698529208e-06,0,0.3333,0.6000,0.7000,0.4667,0
-2.207437864854e-05,-3.43399733537808e-06,0,0.6667,0.8000,0.7000,0.4667,0
-2.2927191821509e-05,-3.05803332594223e-05,0,1.0000,1.0000,0.7000,0.4667,0
-8.55203961691586e-06,-1.01921323221177e-05,0,1.0000,1.0000,0.6000,0.4000,0
-1.30426133182482e-05,-2.43993918047636e-06,0,1.0000,1.0000,0.5000,0.3333,0
-3.62760511052329e-05,-1.55096604430582e-05,0,1.0000,0.8000,0.4000,0.3333,0
-2.19784833461745e-05,-1.44625155371614e-05,0,1.0000,0.6000,0.3000,0.3333,0
-5.60467997274827e-05,-1.74606047949055e-05,0,0.6667,0.4000,0.2000,0.3333,0
-5.92427641095128e-05,-9.87323619483504e-06,0,0.3333,0.2000,0.1000,0.3333,0
-1.36095250127255e-05,-1.91865601664176e-05,0,0.0000,0.0000,0.0000,0.2667,0
-8.75000387168257e-06,2.2498990404074e-07,0,0.0000,0.0000,0.1000,0.2667,0
-4.16214970755391e-05,-1.86878623935627e-05,0,0.0000,0.0000,0.2000,0.3333,0
-3.37604215019383e-05,3.82726602765615e-06,0,0.0000,0.0000,0.3000,0.3333,0
1.33304536120704e-06,-3.6928518966306e-05,0,0.0000,0.0000,0.4000,0.3333,0
-2.83371391560649e-05,-2.91315700451378e-05,0,0.0000,0.0000,0.4000,0.3333,0
-7.49138553146622e-06,-4.08415471611079e-05,0,0.0000,0.2000,0.4000,0.4000,0
4.0723234633333e-06,5.05393416005973e-07,0,0.0000,0.4000,0.5000,0.4000,0
-2.26820748139289e-06,-4.76185869047185e-06,0,0.3333,0.6000,0.5000,0.4667,0
9.6543726613163e-06,-2.24633422476472e-05,0,0.6667,0.8000,0.5000,0.5333,0
1.16327191790333e-05,-1.48923300002934e-06,0,1.0000,0.8000,0.5000,0.5333,0
1.59377646014036e-06,-1.7413156456314e-05,0,1.0000,0.6000,0.5000,0.4667,0
-8.11850259196945e-06,8.40361008158652e-06,0,0.6667,0.6000,0.4000,0.4000,0
3.2021491733758e-06,1.03669099189574e-05,0,0.3333,0.4000,0.4000,0.3333,0
1.70046350831399e-05,1.11588014988229e-05,0,0.3333,0.2000,0.4000,0.2667,0
-9.45413557928987e-06,1.84357850230299e-05,0,0.3333,0.2000,0.4000,0.2667,0
6.14323653280735e-06,1.35335330924136e-05,0,0.3333,0.4000,0.4000,0.2667,0
-1.07111043234909e-06,8.42056397232227e-06,0,0.0000,0.2000,0.3000,0.2000,0
1.37614815685083e-05,3.14486605930142e-05,0,0.3333,0.4000,0.3000,0.2000,0
1.35947993840091e-05,2.66757797362516e-05,0,0.3333,0.6000,0.3000,0.2667,0
8.90030878508696e-06,2.43762005993631e-05,0,0.6667,0.6000,0.3000,0.3333,0
-6.89717171553639e-06,2.42714504565811e-05,0,0.6667,0.4000,0.2000,0.2667,0
-3.73365764971823e-06,1.47322853081278e-05,0,0.6667,0.4000,0.2000,0.2667,0
-1.07727419162984e-05,6.6654597503657e-06,0,0.3333,0.2000,0.1000,0.2000,0
-2.3056854843162e-06,2.46077070187312e-05,0,0.0000,0.0000,0.1000,0.1333,0
1.94659442058764e-05,2.74269859801279e-05,0,0.0000,0.0000,0.2000,0.1333,0
-4.31074204243487e-06,7.14602720108815e-06,0,0.0000,0.0000,0.2000,0.1333,0
3.3999087918346e-06,1.23038971651113e-05,0,0.0000,0.0000,0.2000,0.1333,0
1.85400699592719e-06,2.43901868088869e-05,0,0.0000,0.0000,0.2000,0.1333,0
1.55829056893708e-05,9.96788276097504e-06,0,0.0000,0.2000,0.2000,0.2000,0
1.28992896861746e-05,1.55882462422596e-05,0,0.0000,0.4000,0.2000,0.2667,0
3.12037700496148e-05,1.82621370186098e-05,0,0.3333,0.4000,0.2000,0.3333,0
3.1296211091103e-05,2.80389522231417e-05,0,0.6667,0.4000,0.2000,0.4000,0
3.47906861861702e-05,2.73149289569119e-05,0,0.6667,0.4000,0.2000,0.4000,0
2.16935623029713e-05,-1.28580522869015e-05,0,0.3333,0.2000,0.2000,0.3333,0
5.04169511259533e-05,9.66523839451838e-06,0,0.0000,0.0000,0.2000,0.3333,0
4.17421724705491e-05,5.10266545461491e-06,0,0.0000,0.0000,0.3000,0.3333,0
1.30483313114382e-05,3.47575441992376e-05,0,0.0000,0.0000,0.4000,0.3333,0
5.63702596991789e-05,2.26475840463536e-05,0,0.0000,0.0000,0.4000,0.3333,0
3.21279621857684e-05,4.58262438769452e-05,0,0.0000,0.2000,0.4000,0.3333,0
2.96557700494304e-05,1.63181593961781e-05,0,0.0000,0.4000,0.5000,0.3333,0
4.41243319073692e-05,2.31610556511441e-05,0,0.3333,0.6000,0.5000,0.3333,0
4.74310545541812e-05,1.78902009793092e-05,0,0.6667,0.8000,0.5000,0.3333,0
2.91464530164376e-05,1.59316709869017e-06,0,1.0000,0.8000,0.5000,0.3333,0
2.54936167038977e-05,-1.3182246220822e-05,0,1.0000,0.6000,0.4000,0.2667,0
2.10980215342715e-05,-2.79232099273941e-05,0,0.6667,0.6000,0.3000,0.2000,0
3.01009367831284e-05,-3.11336007143836e-05,0,0.3333,0.4000,0.2000,0.2000,0
2.8757316613337e-05,-2.52815043495502e-05,0,0.3333,0.2000,0.1000,0.2000,0
1.70738730957964e-05,-2.18722634599544e-05,0,0.3333,0.2000,0.1000,0.2000,0
2.30154109885916e-05,-1.62693268066505e-05,0,0.3333,0.2000,0.1000,0.2000,0
2.11958576983307e-05,-2.25502990360837e-05,0,0.0000,0.0000,0.0000,0.1333,0
-3.19259856951248e-06,-1.82638018486614e-06,0,0.0000,0.0000,0.1000,0.2000,0
2.40315166593064e-05,-1.98973848455353e-05,0,0.0000,0.0000,0.2000,0.2667,0
2.15850359381875e-05,-2.48973155976273e-05,0,0.0000,0.0000,0.2000,0.2667,0
2.90881671389798e-05,-1.33899611682864e-05,0,0.0000,0.0000,0.2000,0.2667,0
1.8123135305359e-05,-1.23112113215029e-05,0,0.0000,0.0000,0.2000,0.2667,0
1.42677054100204e-05,-3.4572458389448e-05,0,0.0000,0.2000,0.3000,0.2667,0
6.97378709446639e-06,-2.9553555577877e-05,0,0.0000,0.4000,0.4000,0.2667,0
1.90150167327374e-05,-1.55808356794296e-05,0,0.3333,0.4000,0.4000,0.2667,0
1.13958558358718e-05,-2.12101967917988e-05,0,0.6667,0.4000,0.4000,0.2667,0
2.85637106571812e-05,-2.0278088413761e-05,0,0.6667,0.4000,0.4000,0.2667,0
7.92510218161624e-06,1.07245841718395e-05,0,0.3333,0.4000,0.3000,0.2000,0
1.29079553516931e-05,-1.81432496901834e-05,0,0.0000,0.4000,0.2000,0.1333,0
1.0109280992765e-05,-2.85370970232179e-06,0,0.3333,0.4000,0.2000,0.1333,0
-5.38898984814296e-06,-1.04626260508667e-05,0,0.6667,0.4000,0.2000,0.1333,0
9.0874154921039e-06,-1.73566895682598e-05,0,0.6667,0.4000,0.2000,0.1333,0
3.40288170264103e-05,-3.54505864379462e-05,0,0.3333,0.2000,0.1000,0.0667,0
1.17189601951395e-05,-3.41572704201099e-05,0,0.0000,0.0000,0.0000,0.0000,0
1.62865617312491e-05,-7.33565639166045e-06,0,0.0000,0.0000,0.0000,0.0000,0
1.57910235429881e-05,-5.70773909203126e-06,0,0.0000,0.0000,0.0000,0.0000,0
-1.44529567478457e-05,-3.31806477333885e-05,0,0.0000,0.0000,0.0000,0.0000,0
1.70670900843106e-05,-3.2824932532094e-06,0,0.0000,0.0000,0.0000,0.0000,0
2.56024777627317e-05,-1.22624924188131e-05,0,0.0000,0.0000,0.0000,0.0000,0
-6.68298525852151e-06,-8.19523938844213e-06,0,0.0000,0.0000,0.0000,0.0000,0
1.39638505061157e-05,-4.99095267514349e-06,0,0.0000,0.0000,0.0000,0.0000,0
1.40712136271759e-05,-1.02387766673928e-05,0,0.0000,0.0000,0.0000,0.0000,0
1.00214856502134e-05,-1.54302924784133e-05,0,0.0000,0.0000,0.0000,0.0000,0
1.38903287734138e-05,3.87006184610073e-06,0,0.0000,0.0000,0.0000,0.0000,0
-1.13387923192931e-05,-7.72545536165126e-06,0,0.0000,0.0000,0.0000,0.0000,0
6.441156983783e-06,-1.28840438264888e-05,0,0.0000,0.0000,0.0000,0.0000,0
-6.91780132910935e-06,-1.00299089922373e-07,0,0.0000,0.0000,0.0000,0.0000,0
3.15135457640281e-06,-1.31841179609182e-05,0,0.0000,0.0000,0.0000,0.0000,0
2.12599502447119e-06,-2.29336365009658e-05,0,0.0000,0.0000,0.0000,0.0000,0
-1.25151163956616e-05,-8.40241500554839e-06,0,0.0000,0.0000,0.0000,0.0000,0
8.13343194749905e-06,-1.41469463414978e-05,0,0.0000,0.0000,0.0000,0.0000,0
-4.81167762700352e-06,-2.69788802143012e-06,0,0.0000,0.0000,0.0000,0.0000,0
6.64336812405963e-06,-1.23335221360321e-05,0,0.0000,0.0000,0.0000,0.0000,0
-1.63247186719673e-05,-1.13283776954631e-05,0,0.0000,0.0000,0.0000,0.0000,0
-1.80346523848129e-06,7.69264897826361e-06,0,0.0000,0.0000,0.0000,0.0000,0
-9.71412373473868e-06,-1.66028603416635e-05,0,0.0000,0.0000,0.0000,0.0000,0
2.93220477942668e-06,-4.0547747630626e-05,0,0.0000,0.0000,0.0000,0.0000,0
1.97133285837481e-05,-3.69289882655721e-05,0,0.0000,0.0000,0.0000,0.0000,0
-6.12779876973946e-06,-2.8005886633764e-05,0,0.0000,0.0000,0.0000,0.0000,0
2.22791441046866e-05,-3.86482824978884e-05,0,0.0000,0.0000,0.0000,0.0000,0
1.90548144018976e-05,-4.22083103330806e-05,0,0.0000,0.0000,0.0000,0.0000,0
-1.84621330845403e-06,-3.1143626983976e-05,0,0.0000,0.0000,0.0000,0.0000,0
2.99470830213977e-05,-2.60887245531194e-05,0,0.0000,0.0000,0.0000,0.0000,0
5.06574315295438e-06,-1.62031556101283e-05,0,0.0000,0.0000,0.0000,0.0000,0
2.27867021749262e-05,-7.19369700163952e-06,0,0.0000,0.0000,0.0000,0.0667,0
1.15068642116967e-05,7.75766693550395e-06,0,0.0000,0.0000,0.0000,0.1333,0
1.66542467923136e-05,9.19030571822077e-06,0,0.0000,0.0000,0.0000,0.1333,0
2.09667796298163e-05,3.8164434954524e-05,0,0.0000,0.0000,0.0000,0.1333,0
1.34005604195409e-05,-3.00857459478721e-06,0,0.0000,0.0000,0.0000,0.2000,0
1.51418544191984e-05,1.40334614116e-05,0,0.0000,0.0000,0.1000,0.2667,0
2.93973571388051e-05,3.38535901391879e-05,0,0.0000,0.0000,0.2000,0.2667,0
3.05001485685352e-05,1.92490770132281e-05,0,0.0000,0.0000,0.2000,0.3333,0
-4.04076217819238e-06,-8.64291905600112e-06,0,0.0000,0.0000,0.2000,0.3333,0
1.21567900350783e-05,1.58655875566183e-05,0,0.0000,0.0000,0.3000,0.3333,0
-1.47274738537817e-06,1.43225961437565e-05,0,0.0000,0.2000,0.4000,0.4000,0
1.82888334165909e-06,1.07329469756223e-05,0,0.0000,0.4000,0.4000,0.4667,0
-1.31301949295448e-05,8.8636479631532e-06,0,0.3333,0.4000,0.5000,0.4667,0
5.83486416871892e-06,4.12707731811679e-06,0,0.6667,0.4000,0.5000,0.4667,0
-2.47810530709103e-05,1.20176682685269e-05,0,0.6667,0.6000,0.5000,0.4667,0
-1.22168103189324e-05,2.15027575904969e-05,0,0.3333,0.6000,0.5000,0.4000,0
1.58921284310054e-05,-2.26251222557039e-06,0,0.3333,0.4000,0.5000,0.4000,0
-2.30893274419941e-05,4.4687792978948e-05,0,0.6667,0.6000,0.5000,0.4667,0
2.84119651041692e-05,-6.73111617288669e-06,0,0.6667,0.6000,0.5000,0.4667,0
-1.7272765035159e-05,1.08509393612621e-05,0,0.6667,0.4000,0.4000,0.4000,0
-1.69866677879327e-06,-2.49527274718275e-05,0,0.3333,0.4000,0.3000,0.3333,0
-9.08010861166986e-07,4.51040250482038e-06,0,0.3333,0.6000,0.4000,0.4000,0
-2.17305614569341e-06,6.52442759019323e-06,0,0.3333,0.4000,0.4000,0.4000,0
-1.08721415017499e-05,-5.35660046807607e-06,0,0.6667,0.4000,0.4000,0.4667,0
-2.99724433716619e-05,-1.36319058583467e-05,0,0.6667,0.4000,0.4000,0.5333,0
-1.03847869468154e-05,1.29331010612077e-06,0,0.3333,0.2000,0.3000,0.5333,0
-2.79973337455885e-05,2.06049617190729e-06,0,0.0000,0.2000,0.3000,0.5333,0
-1.12569869088475e-05,2.14311676245416e-05,0,0.0000,0.4000,0.4000,0.6000,0
-5.31751311427797e-06,3.70864836440887e-05,0,0.3333,0.4000,0.5000,0.6667,0
-2.2551765141543e-05,9.07816229300806e-06,0,0.6667,0.4000,0.6000,0.7333,0
-1.78275095095159e-05,9.8936316135223e-06,0,0.6667,0.4000,0.7000,0.7333,0
-1.24684893307858e-05,1.73862154042581e-05,0,0.3333,0.4000,0.7000,0.6667,0
-1.24585585581372e-05,1.00612969617941e-05,0,0.0000,0.4000,0.7000,0.6667,0
-1.62867690960411e-05,3.863986057695e-05,0,0.3333,0.6000,0.8000,0.7333,0
-2.13867078855401e-05,3.05320281768218e-05,0,0.6667,0.8000,0.9000,0.8000,0
-1.48990666275495e-05,2.44257589656627e-05,0,1.0000,1.0000,0.9000,0.8000,0
-2.94451419904362e-05,2.95121808449039e-05,0,1.0000,1.0000,0.8000,0.7333,0
-3.55803094862495e-05,4.40529674960999e-06,0,1.0000,1.0000,0.8000,0.6667,0
9.37131403588864e-07,-2.24130708375014e-05,0,1.0000,1.0000,0.8000,0.6000,0
-2.84026136796456e-05,1.23652253023465e-05,0,1.0000,1.0000,0.8000,0.5333,0
-7.09227333572926e-06,-2.19216281038825e-06,0,1.0000,0.8000,0.7000,0.4667,0
-2.17699180211639e-05,-3.27520356222522e-05,0,1.0000,0.6000,0.6000,0.4667,0
-2.6393421649118e-05,4.97234759677667e-06,0,0.6667,0.6000,0.5000,0.4000,0
-1.91234721569344e-05,-3.52072061104991e-06,0,0.3333,0.6000,0.4000,0.4000,0
-2.51053534157109e-05,1.08185773228797e-07,0,0.3333,0.6000,0.3000,0.4000,0
-2.32585171033861e-05,-1.78785546722793e-06,0,0.6667,0.6000,0.3000,0.4000,0
1.2815111404052e-05,7.73201736592455e-06,0,1.0000,0.6000,0.4000,0.4000,0
-1.52053107740358e-05,4.73407271783799e-06,0,0.6667,0.4000,0.3000,0.3333,0
-1.41171403811313e-05,6.73210570312222e-06,0,0.3333,0.2000,0.3000,0.3333,0
-2.21452337427763e-05,5.24009919899981e-06,0,0.0000,0.0000,0.3000,0.3333,0
3.80564597435296e-06,4.56937459603068e-06,0,0.0000,0.0000,0.3000,0.4000,0
